{"params": {"n_estimators": 678, "max_depth": 9, "learning_rate": 0.01706340408052046, "subsample": 0.8337048745033664, "colsample_bytree": 0.9086810757957444, "min_child_weight": 2, "gamma": 1.0452139270563914, "reg_lambda": 4.414972822025083, "reg_alpha": 4.706045720969664}, "use_log": false}