{"params": {"n_estimators": 213, "max_depth": 8, "learning_rate": 0.018061309380015135, "subsample": 0.8369000323823808, "colsample_bytree": 0.7314857568444505, "min_child_weight": 8, "gamma": 1.3581160387763518, "reg_lambda": 1.7354991879898745, "reg_alpha": 2.600968296492997}, "use_log": false}