{"params": {"n_estimators": 239, "max_depth": 10, "learning_rate": 0.010020777194647886, "subsample": 0.6799425519257519, "colsample_bytree": 0.8743641694619962, "min_child_weight": 5, "gamma": 1.5365000731956857, "reg_lambda": 1.697999229140153, "reg_alpha": 3.443231612398594}, "use_log": false}