{"params": {"n_estimators": 627, "max_depth": 9, "learning_rate": 0.034985266673856714, "subsample": 0.8644899486576932, "colsample_bytree": 0.604482655338815, "min_child_weight": 2, "gamma": 1.4225036146699488, "reg_lambda": 2.244386327965488, "reg_alpha": 0.9460323373924311}, "use_log": false}