{"params": {"n_estimators": 216, "max_depth": 3, "learning_rate": 0.012457930166980264, "subsample": 0.6116642695895954, "colsample_bytree": 0.6076788017819068, "min_child_weight": 10, "gamma": 0.5211491057764331, "reg_lambda": 0.08579369097513556, "reg_alpha": 3.0840248628900047}, "use_log": false}