{"params": {"n_estimators": 314, "max_depth": 8, "learning_rate": 0.2227990509643952, "subsample": 0.8140536755818162, "colsample_bytree": 0.6860118631289434, "min_child_weight": 1, "gamma": 1.2636365481216485, "reg_lambda": 3.308391396899908, "reg_alpha": 0.784466848502718}, "use_log": false}