{"params": {"n_estimators": 569, "max_depth": 3, "learning_rate": 0.21188359284219507, "subsample": 0.9252993590598966, "colsample_bytree": 0.6920180889058443, "min_child_weight": 2, "gamma": 0.048816670313218236, "reg_lambda": 3.1328581210595003, "reg_alpha": 0.06538571865532028}, "use_log": true}