{"params": {"n_estimators": 323, "max_depth": 6, "learning_rate": 0.08268250814083393, "subsample": 0.6899290993484607, "colsample_bytree": 0.8676861061958728, "min_child_weight": 2, "gamma": 1.1941478851476615, "reg_lambda": 2.952561832259278, "reg_alpha": 3.214817078253906}, "use_log": false}