{"params": {"n_estimators": 562, "max_depth": 7, "learning_rate": 0.010632377767329119, "subsample": 0.6781848314586255, "colsample_bytree": 0.8583594137094587, "min_child_weight": 9, "gamma": 0.7370263824669814, "reg_lambda": 2.4695577660733314, "reg_alpha": 3.8724509227415416}, "use_log": false}