{"params": {"n_estimators": 382, "max_depth": 3, "learning_rate": 0.010071603235813926, "subsample": 0.8762906915924286, "colsample_bytree": 0.8114415991944244, "min_child_weight": 4, "gamma": 1.319034227872284, "reg_lambda": 3.404277548859738, "reg_alpha": 3.2148660406523026}, "use_log": false}