{"params": {"n_estimators": 665, "max_depth": 3, "learning_rate": 0.2864356025110089, "subsample": 0.7070751420201089, "colsample_bytree": 0.9859318013512934, "min_child_weight": 7, "gamma": 1.6414062698110863, "reg_lambda": 4.322025356958214, "reg_alpha": 0.027254189694710607}, "use_log": true}