{"params": {"n_estimators": 290, "max_depth": 8, "learning_rate": 0.08329115639992887, "subsample": 0.9064922218849181, "colsample_bytree": 0.7383840813606491, "min_child_weight": 4, "gamma": 1.136508454792438, "reg_lambda": 2.803592465314921, "reg_alpha": 2.157070429542176}, "use_log": false}