{"params": {"n_estimators": 604, "max_depth": 7, "learning_rate": 0.01163994463040551, "subsample": 0.8253641471517319, "colsample_bytree": 0.8918941380019711, "min_child_weight": 1, "gamma": 0.8269080751707739, "reg_lambda": 3.113892133687329, "reg_alpha": 3.984458939916546}, "use_log": false}