{"params": {"n_estimators": 372, "max_depth": 4, "learning_rate": 0.018023428621998253, "subsample": 0.6980488341060008, "colsample_bytree": 0.9562357652029781, "min_child_weight": 3, "gamma": 0.7979229520121975, "reg_lambda": 0.11398404215842517, "reg_alpha": 1.0014637732649565}, "use_log": false}