{"params": {"n_estimators": 230, "max_depth": 4, "learning_rate": 0.011788047689326765, "subsample": 0.6998320909592463, "colsample_bytree": 0.8501704458042453, "min_child_weight": 4, "gamma": 0.04761657689888002, "reg_lambda": 3.059634058481084, "reg_alpha": 4.0396906142829385}, "use_log": false}