{"params": {"n_estimators": 512, "max_depth": 6, "learning_rate": 0.2848376573991076, "subsample": 0.931976149140577, "colsample_bytree": 0.7538447514864978, "min_child_weight": 1, "gamma": 1.103140630304987, "reg_lambda": 4.022644778077716, "reg_alpha": 2.1658910692026976}, "use_log": false}