{"params": {"n_estimators": 718, "max_depth": 10, "learning_rate": 0.02231425354968748, "subsample": 0.8594356350771076, "colsample_bytree": 0.9912802362557768, "min_child_weight": 3, "gamma": 1.2821265111491895, "reg_lambda": 4.8513769769215855, "reg_alpha": 1.885142565236329}, "use_log": false}