{"params": {"n_estimators": 716, "max_depth": 7, "learning_rate": 0.036931617250112875, "subsample": 0.9991117799733185, "colsample_bytree": 0.7627711758093972, "min_child_weight": 8, "gamma": 1.32941159274133, "reg_lambda": 2.7324772397974155, "reg_alpha": 1.4678364628765481}, "use_log": false}