{"params": {"n_estimators": 206, "max_depth": 7, "learning_rate": 0.24078597372909422, "subsample": 0.7781967517966981, "colsample_bytree": 0.8330172487737884, "min_child_weight": 4, "gamma": 0.959765905402326, "reg_lambda": 2.8607539215428286, "reg_alpha": 2.982536568760999}, "use_log": true}