{"params": {"n_estimators": 318, "max_depth": 5, "learning_rate": 0.18439193139281165, "subsample": 0.7022113814252418, "colsample_bytree": 0.6700546779090373, "min_child_weight": 7, "gamma": 1.023160282857167, "reg_lambda": 2.4906551234745633, "reg_alpha": 0.14843228317334237}, "use_log": true}