{"params": {"n_estimators": 573, "max_depth": 8, "learning_rate": 0.02709628736790885, "subsample": 0.7550470706131269, "colsample_bytree": 0.6422854164328886, "min_child_weight": 4, "gamma": 1.3767219878736034, "reg_lambda": 2.2436571777313565, "reg_alpha": 0.9989135650347837}, "use_log": false}