{"params": {"n_estimators": 530, "max_depth": 9, "learning_rate": 0.011076697388883887, "subsample": 0.9094089584585161, "colsample_bytree": 0.9607138152148942, "min_child_weight": 6, "gamma": 1.9961854602693663, "reg_lambda": 4.390732392819002, "reg_alpha": 4.424724694173074}, "use_log": false}