{"params": {"n_estimators": 462, "max_depth": 7, "learning_rate": 0.010936818382061526, "subsample": 0.7369741145671509, "colsample_bytree": 0.8342527841871039, "min_child_weight": 7, "gamma": 0.5707555300398487, "reg_lambda": 2.517584126060945, "reg_alpha": 3.5612322281816073}, "use_log": false}