{"params": {"n_estimators": 673, "max_depth": 9, "learning_rate": 0.05370959953399635, "subsample": 0.8119773190753911, "colsample_bytree": 0.8131338836820504, "min_child_weight": 1, "gamma": 0.9247597710636764, "reg_lambda": 4.918203459702685, "reg_alpha": 4.811628900456343}, "use_log": false}