{"params": {"n_estimators": 382, "max_depth": 3, "learning_rate": 0.020048540419926885, "subsample": 0.9461275100698596, "colsample_bytree": 0.9770983421010729, "min_child_weight": 5, "gamma": 0.14268229765113905, "reg_lambda": 4.741409787723914, "reg_alpha": 1.6058138456367521}, "use_log": false}