{"params": {"n_estimators": 381, "max_depth": 4, "learning_rate": 0.03294531212276075, "subsample": 0.8333523859122054, "colsample_bytree": 0.7460861029687242, "min_child_weight": 4, "gamma": 0.021514927109898108, "reg_lambda": 0.01050975765193396, "reg_alpha": 3.4895418297348715}, "use_log": false}