{"params": {"n_estimators": 213, "max_depth": 9, "learning_rate": 0.07432961915104555, "subsample": 0.995045821605087, "colsample_bytree": 0.7105307259076986, "min_child_weight": 1, "gamma": 0.046704072651969894, "reg_lambda": 0.469463911008712, "reg_alpha": 1.8344717802589752}, "use_log": false}