{"params": {"n_estimators": 268, "max_depth": 7, "learning_rate": 0.07096416776998213, "subsample": 0.7326273925059853, "colsample_bytree": 0.7117963032648694, "min_child_weight": 9, "gamma": 0.5076885056887697, "reg_lambda": 3.0293689524823075, "reg_alpha": 0.448711633165374}, "use_log": true}