{"params": {"n_estimators": 614, "max_depth": 3, "learning_rate": 0.2518742939224979, "subsample": 0.7926237309717747, "colsample_bytree": 0.7556770186107524, "min_child_weight": 1, "gamma": 1.845669517690674, "reg_lambda": 4.039408063768118, "reg_alpha": 1.2720662406161432}, "use_log": false}