{"params": {"n_estimators": 328, "max_depth": 10, "learning_rate": 0.018722449596743795, "subsample": 0.8951749894618495, "colsample_bytree": 0.7211494898704244, "min_child_weight": 4, "gamma": 0.8579203017001036, "reg_lambda": 4.938637341101591, "reg_alpha": 1.2349148962291967}, "use_log": false}