{"params": {"n_estimators": 331, "max_depth": 4, "learning_rate": 0.010240526944835907, "subsample": 0.6427254957589272, "colsample_bytree": 0.7117126173493581, "min_child_weight": 10, "gamma": 0.12755227855700002, "reg_lambda": 0.5325448056717252, "reg_alpha": 1.7226098441946607}, "use_log": false}