{"params": {"n_estimators": 438, "max_depth": 9, "learning_rate": 0.07887347991982457, "subsample": 0.9334039585260645, "colsample_bytree": 0.825398106788525, "min_child_weight": 2, "gamma": 0.1080857265394024, "reg_lambda": 1.7569641282296904, "reg_alpha": 2.6866165761400933}, "use_log": false}