{"params": {"n_estimators": 226, "max_depth": 5, "learning_rate": 0.11935580930772871, "subsample": 0.7598050685672053, "colsample_bytree": 0.9990727478934581, "min_child_weight": 3, "gamma": 1.2471404520662697, "reg_lambda": 1.8991021515900004, "reg_alpha": 1.9091579666682912}, "use_log": false}