{"params": {"n_estimators": 337, "max_depth": 3, "learning_rate": 0.04748801489010695, "subsample": 0.934176055445623, "colsample_bytree": 0.6573901066337962, "min_child_weight": 5, "gamma": 0.5014604635615534, "reg_lambda": 3.762041112212371, "reg_alpha": 2.711908411835874}, "use_log": true}