{"params": {"n_estimators": 572, "max_depth": 4, "learning_rate": 0.020303001289732794, "subsample": 0.8227772446621197, "colsample_bytree": 0.9860989889522004, "min_child_weight": 1, "gamma": 1.4819831194130952, "reg_lambda": 4.992277250163408, "reg_alpha": 2.39289479110117}, "use_log": true}