{"params": {"n_estimators": 424, "max_depth": 10, "learning_rate": 0.010316087889588675, "subsample": 0.7922608510629476, "colsample_bytree": 0.7483546086077971, "min_child_weight": 1, "gamma": 1.965775585380824, "reg_lambda": 4.87154494819506, "reg_alpha": 0.9660369668875096}, "use_log": false}