{"params": {"n_estimators": 655, "max_depth": 6, "learning_rate": 0.13755281186703697, "subsample": 0.9201768244042743, "colsample_bytree": 0.7070774226314327, "min_child_weight": 2, "gamma": 1.184904001902236, "reg_lambda": 0.7769543582185661, "reg_alpha": 0.7034493692878427}, "use_log": false}