{"params": {"n_estimators": 425, "max_depth": 5, "learning_rate": 0.011218092061892233, "subsample": 0.648984044777819, "colsample_bytree": 0.8249240518405163, "min_child_weight": 10, "gamma": 1.476761838412585, "reg_lambda": 2.220765913551651, "reg_alpha": 2.177566971149976}, "use_log": false}