{"params": {"n_estimators": 681, "max_depth": 3, "learning_rate": 0.03159419185026818, "subsample": 0.6447495485597281, "colsample_bytree": 0.7357213081381488, "min_child_weight": 1, "gamma": 1.9940995647783637, "reg_lambda": 1.6713261046249324, "reg_alpha": 2.9794370078043415}, "use_log": false}