{"params": {"n_estimators": 397, "max_depth": 9, "learning_rate": 0.0303176172466668, "subsample": 0.7832127653111611, "colsample_bytree": 0.9454884645917193, "min_child_weight": 1, "gamma": 1.8308825224002825, "reg_lambda": 4.627607096720799, "reg_alpha": 1.746262449094171}, "use_log": false}