{"params": {"n_estimators": 594, "max_depth": 8, "learning_rate": 0.01052603026504279, "subsample": 0.818636599609122, "colsample_bytree": 0.9403555192806496, "min_child_weight": 1, "gamma": 1.8249858976631368, "reg_lambda": 4.907841362705025, "reg_alpha": 2.865175026898365}, "use_log": false}