{"params": {"n_estimators": 294, "max_depth": 3, "learning_rate": 0.010111159476582116, "subsample": 0.9669241013902816, "colsample_bytree": 0.7509145552573753, "min_child_weight": 5, "gamma": 0.07398091023183395, "reg_lambda": 3.9947531295925653, "reg_alpha": 2.617547385978927}, "use_log": false}