{"params": {"n_estimators": 333, "max_depth": 5, "learning_rate": 0.010010413658785198, "subsample": 0.7162522386600689, "colsample_bytree": 0.917381817962805, "min_child_weight": 8, "gamma": 1.4860230373876706, "reg_lambda": 2.0342740622891426, "reg_alpha": 0.7679374845422876}, "use_log": false}