{"params": {"n_estimators": 553, "max_depth": 4, "learning_rate": 0.033160085827233905, "subsample": 0.9041578581739643, "colsample_bytree": 0.7229878465602729, "min_child_weight": 1, "gamma": 1.1981102639409342, "reg_lambda": 0.018824705651176443, "reg_alpha": 4.917094747939922}, "use_log": false}