{"params": {"n_estimators": 259, "max_depth": 5, "learning_rate": 0.08031591236651058, "subsample": 0.7853051561569109, "colsample_bytree": 0.7566469941141198, "min_child_weight": 7, "gamma": 1.437360220148967, "reg_lambda": 4.088451909957268, "reg_alpha": 1.736016324457676}, "use_log": true}