{"params": {"n_estimators": 208, "max_depth": 8, "learning_rate": 0.12977985982620457, "subsample": 0.7932218398530095, "colsample_bytree": 0.751373642103285, "min_child_weight": 2, "gamma": 1.6028410325889848, "reg_lambda": 3.73600047130042, "reg_alpha": 2.894627383352992}, "use_log": false}