{"params": {"n_estimators": 460, "max_depth": 5, "learning_rate": 0.10630860471571105, "subsample": 0.988545280606721, "colsample_bytree": 0.7897488611369242, "min_child_weight": 1, "gamma": 0.7503348420419877, "reg_lambda": 4.284779667638138, "reg_alpha": 0.9798997628114237}, "use_log": false}