{"params": {"n_estimators": 693, "max_depth": 6, "learning_rate": 0.06604311341414411, "subsample": 0.7780416232481109, "colsample_bytree": 0.6530974534044752, "min_child_weight": 5, "gamma": 1.775105798072365, "reg_lambda": 1.268224152925257, "reg_alpha": 2.4348755798310595}, "use_log": false}