{"params": {"n_estimators": 601, "max_depth": 8, "learning_rate": 0.11463264716831838, "subsample": 0.6441910818071851, "colsample_bytree": 0.611846313066661, "min_child_weight": 2, "gamma": 1.6109610936721959, "reg_lambda": 0.7256246505178449, "reg_alpha": 1.0450468017906898}, "use_log": false}