{"params": {"n_estimators": 639, "max_depth": 7, "learning_rate": 0.04334260150433233, "subsample": 0.631911069259565, "colsample_bytree": 0.7767149824976322, "min_child_weight": 8, "gamma": 1.028901509551143, "reg_lambda": 2.933937537199773, "reg_alpha": 0.17274596562065203}, "use_log": true}