{"params": {"n_estimators": 225, "max_depth": 5, "learning_rate": 0.19550241215876413, "subsample": 0.7557733139968217, "colsample_bytree": 0.6261615952221421, "min_child_weight": 3, "gamma": 0.29236273477859087, "reg_lambda": 3.168946166773569, "reg_alpha": 2.257814672968141}, "use_log": true}