{"params": {"n_estimators": 406, "max_depth": 3, "learning_rate": 0.011609021563306097, "subsample": 0.6052294604500729, "colsample_bytree": 0.9514966697899527, "min_child_weight": 8, "gamma": 1.2139679041999976, "reg_lambda": 1.0427991812481385, "reg_alpha": 2.77334811457169}, "use_log": false}