{"params": {"n_estimators": 761, "max_depth": 10, "learning_rate": 0.13004175439653004, "subsample": 0.7821111265074854, "colsample_bytree": 0.7508933614294706, "min_child_weight": 1, "gamma": 1.3999784532794979, "reg_lambda": 2.5230709394614568, "reg_alpha": 2.5526982336090502}, "use_log": false}