{"params": {"n_estimators": 574, "max_depth": 3, "learning_rate": 0.24359056724066896, "subsample": 0.9172561121686218, "colsample_bytree": 0.6037805288427772, "min_child_weight": 7, "gamma": 0.013533924593269075, "reg_lambda": 2.4351304769004183, "reg_alpha": 0.12402688935833545}, "use_log": true}