{"params": {"n_estimators": 437, "max_depth": 3, "learning_rate": 0.012596062829520428, "subsample": 0.9931358230513005, "colsample_bytree": 0.7317268142099195, "min_child_weight": 4, "gamma": 1.990077790850033, "reg_lambda": 2.2371350881777934, "reg_alpha": 3.1372110277722944}, "use_log": false}