{"params": {"n_estimators": 767, "max_depth": 4, "learning_rate": 0.20246573688157798, "subsample": 0.7682647149191236, "colsample_bytree": 0.6549413772080911, "min_child_weight": 2, "gamma": 1.8367418726676308, "reg_lambda": 0.7891785044543409, "reg_alpha": 4.742558014980816}, "use_log": false}