{"params": {"n_estimators": 362, "max_depth": 4, "learning_rate": 0.06570261852087644, "subsample": 0.8893718915548088, "colsample_bytree": 0.983178572042662, "min_child_weight": 4, "gamma": 1.7128473638399007, "reg_lambda": 0.7662132717700892, "reg_alpha": 2.410553927834635}, "use_log": false}