{"params": {"n_estimators": 239, "max_depth": 10, "learning_rate": 0.2888532133678696, "subsample": 0.7913616483575465, "colsample_bytree": 0.7870746481155954, "min_child_weight": 9, "gamma": 1.718477558544276, "reg_lambda": 0.2844424187362643, "reg_alpha": 4.97302268148964}, "use_log": true}