{"params": {"n_estimators": 800, "max_depth": 10, "learning_rate": 0.038509174458491356, "subsample": 0.8760837948700526, "colsample_bytree": 0.9130505836068857, "min_child_weight": 3, "gamma": 0.6097781736237484, "reg_lambda": 0.7499287014893441, "reg_alpha": 0.3228750046883295}, "use_log": false}