{"params": {"n_estimators": 618, "max_depth": 4, "learning_rate": 0.1580265653491108, "subsample": 0.7859151417600274, "colsample_bytree": 0.9285289989930585, "min_child_weight": 1, "gamma": 1.4838373215370475, "reg_lambda": 4.862161382547991, "reg_alpha": 0.7528303586256965}, "use_log": true}