{"params": {"n_estimators": 748, "max_depth": 3, "learning_rate": 0.06784612413456848, "subsample": 0.7999028297753629, "colsample_bytree": 0.8482602511759364, "min_child_weight": 10, "gamma": 1.9050998139264794, "reg_lambda": 1.2112142745923689, "reg_alpha": 4.995271235271546}, "use_log": false}