{"params": {"n_estimators": 202, "max_depth": 10, "learning_rate": 0.2706692502381687, "subsample": 0.6001739837090516, "colsample_bytree": 0.8515689863885929, "min_child_weight": 3, "gamma": 1.743028958133922, "reg_lambda": 2.1704756971269235, "reg_alpha": 0.8617669135889587}, "use_log": true}