{"params": {"n_estimators": 636, "max_depth": 6, "learning_rate": 0.1733286453407997, "subsample": 0.8693843807320478, "colsample_bytree": 0.903523120620789, "min_child_weight": 2, "gamma": 0.7410972011240222, "reg_lambda": 2.3746837006282178, "reg_alpha": 1.3802700574473084}, "use_log": false}