{"params": {"n_estimators": 429, "max_depth": 10, "learning_rate": 0.050365821771905975, "subsample": 0.6036829237544374, "colsample_bytree": 0.7643850354115014, "min_child_weight": 3, "gamma": 0.007045759437616095, "reg_lambda": 2.206118916728057, "reg_alpha": 0.03837132359741924}, "use_log": true}