{"params": {"n_estimators": 385, "max_depth": 4, "learning_rate": 0.2562010985702082, "subsample": 0.72562796016896, "colsample_bytree": 0.7895616327880364, "min_child_weight": 2, "gamma": 0.006634903885166382, "reg_lambda": 1.821166929294799, "reg_alpha": 4.96101019837503}, "use_log": false}